Servico,Status,Dias
accounts-daemon.service,inactive,N/A
anacron.service,inactive,0
apparmor.service,active,0
avahi-daemon.service,active,0
bluetooth.service,inactive,N/A
console-setup.service,active,0
cron.service,active,0
cups-browsed.service,active,0
cups.service,active,0
e2scrub_reap.service,inactive,N/A
getty@.service,,N/A
grub-common.service,inactive,N/A
keyboard-setup.service,active,0
low-memory-monitor.service,active,0
ModemManager.service,active,0
netfilter-persistent.service,active,0
networking.service,active,0
NetworkManager-dispatcher.service,inactive,N/A
NetworkManager-wait-online.service,active,0
NetworkManager.service,active,0
power-profiles-daemon.service,inactive,N/A
squid.service,active,0
ssh.service,active,0
sshd-keygen.service,inactive,N/A
switcheroo-control.service,inactive,N/A
systemd-pstore.service,inactive,N/A
systemd-timesyncd.service,active,0
udisks2.service,active,0
wpa_supplicant.service,active,0
wtmpdb-update-boot.service,active,0
